K, Success Rate, BER
4,100,0
5,100,0
6,100,0
7,100,0
8,80,10.5556
9,80,5.55556
10,100,0
11,100,0
12,100,0
13,80,4.16667
14,100,0
15,80,1.38889
16,100,0
